,unique_key,created_date,agency,agency_name,complaint_type,descriptor,location_type,incident_zip,incident_address,street_name,cross_street_1,cross_street_2,address_type,city,status,resolution_description,resolution_action_updated_date,community_board,bbl,borough,x_coordinate_state_plane,y_coordinate_state_plane,open_data_channel_type,park_facility_name,park_borough,latitude,longitude,location,:@computed_region_efsh_h5xi,:@computed_region_f5dn_yrer,:@computed_region_yeji_bk3q,:@computed_region_92fq_4b7q,:@computed_region_sbqj_enih,:@computed_region_7mpf_4k6g,facility_type,intersection_street_1,intersection_street_2,landmark,closed_date,taxi_pick_up_location,vehicle_type
0,60453122,2024-03-01T12:00:00.000,DSNY,Department of Sanitation,Derelict Vehicles,Derelict Vehicles,Street,11357,20-34 CLINTONVILLE STREET,CLINTONVILLE STREET,20 ROAD,WILLETS POINT BOULEVARD,ADDRESS,WHITESTONE,Open,If the abandoned vehicle meets the criteria to be classified as a derelict (i.e. junk) the Department of Sanitation (DSNY) will investigate and tag the vehicle within three business days.,2024-03-01T12:00:00.000,07 QUEENS,4047530099,QUEENS,1038027,223414,PHONE,Unspecified,QUEENS,40.77973248059151,-73.80582344106942,"{'latitude': '40.77973248059151', 'longitude': '-73.80582344106942', 'human_address': '{""address"": """", ""city"": """", ""state"": """", ""zip"": """"}'}",14192,22,3,20,67,67,,,,,,,
1,60449433,2024-03-01T12:00:00.000,DSNY,Department of Sanitation,Derelict Vehicles,Derelict Vehicles,Street,10470,685 EAST  240 STREET,EAST  240 STREET,RICHARDSON AVENUE,WHITE PLAINS ROAD,ADDRESS,BRONX,Open,If the abandoned vehicle meets the criteria to be classified as a derelict (i.e. junk) the Department of Sanitation (DSNY) will investigate and tag the vehicle within three business days.,2024-03-01T12:00:00.000,12 BRONX,2050830001,BRONX,1025141,268044,PHONE,Unspecified,BRONX,40.90229762556499,-73.85207964198338,"{'latitude': '40.90229762556499', 'longitude': '-73.85207964198338', 'human_address': '{""address"": """", ""city"": """", ""state"": """", ""zip"": """"}'}",11608,29,5,40,30,30,,,,,,,
2,60454352,2024-03-01T12:00:00.000,DSNY,Department of Sanitation,Derelict Vehicles,Derelict Vehicles,Street,11207,290 LIBERTY AVENUE,LIBERTY AVENUE,WILLIAMS AVENUE,ALABAMA AVENUE,ADDRESS,BROOKLYN,Open,If the abandoned vehicle meets the criteria to be classified as a derelict (i.e. junk) the Department of Sanitation (DSNY) will investigate and tag the vehicle within three business days.,2024-03-01T12:00:00.000,05 BROOKLYN,3037000015,BROOKLYN,1012144,184832,PHONE,Unspecified,BROOKLYN,40.67395394936611,-73.89944089232726,"{'latitude': '40.67395394936611', 'longitude': '-73.89944089232726', 'human_address': '{""address"": """", ""city"": """", ""state"": """", ""zip"": """"}'}",17214,45,2,37,47,47,DSNY Garage,,,,,,
3,60454273,2024-03-01T01:26:35.000,NYPD,New York City Police Department,Illegal Parking,Blocked Hydrant,Street/Sidewalk,11214,2251 83 STREET,83 STREET,BAY PARKWAY,23 AVENUE,ADDRESS,BROOKLYN,In Progress,,,11 BROOKLYN,3063190054,BROOKLYN,986777,158956,ONLINE,Unspecified,BROOKLYN,40.6029734463176,-73.9908997399686,"{'latitude': '40.6029734463176', 'longitude': '-73.9908997399686', 'human_address': '{""address"": """", ""city"": """", ""state"": """", ""zip"": """"}'}",17616,1,2,45,37,37,,BAY PARKWAY,23 AVENUE,83 STREET,,,
4,60451725,2024-03-01T01:26:25.000,NYPD,New York City Police Department,Blocked Driveway,No Access,Street/Sidewalk,11421,78-12 90 AVENUE,90 AVENUE,78 STREET,80 STREET,ADDRESS,WOODHAVEN,In Progress,,,09 QUEENS,4089580001,QUEENS,1022345,189899,ONLINE,Unspecified,QUEENS,40.687823676670995,-73.86263724250294,"{'latitude': '40.687823676670995', 'longitude': '-73.86263724250294', 'human_address': '{""address"": """", ""city"": """", ""state"": """", ""zip"": """"}'}",24017,46,3,34,60,60,,78 STREET,80 STREET,90 AVENUE,,,
5,60449352,2024-03-01T01:25:40.000,NYPD,New York City Police Department,Noise - Commercial,Banging/Pounding,Club/Bar/Restaurant,10304,308 FRONT STREET,FRONT STREET,WAVE STREET,NAVY PIER COURT,ADDRESS,STATEN ISLAND,In Progress,,,01 STATEN ISLAND,5004890025,STATEN ISLAND,963544,168573,ONLINE,Unspecified,STATEN ISLAND,40.62934628066453,-74.07459614853029,"{'latitude': '40.62934628066453', 'longitude': '-74.07459614853029', 'human_address': '{""address"": """", ""city"": """", ""state"": """", ""zip"": """"}'}",10691,4,1,13,74,74,,WAVE STREET,NAVY PIER COURT,FRONT STREET,,,
6,60453060,2024-03-01T01:23:33.000,NYPD,New York City Police Department,Noise - Residential,Banging/Pounding,Residential Building/House,10029,128 EAST  108 STREET,EAST  108 STREET,PARK AVENUE,LEXINGTON AVENUE,ADDRESS,NEW YORK,In Progress,,,11 MANHATTAN,1016357501,MANHATTAN,999240,228473,PHONE,Unspecified,MANHATTAN,40.793768965432314,-73.94586313625102,"{'latitude': '40.793768965432314', 'longitude': '-73.94586313625102', 'human_address': '{""address"": """", ""city"": """", ""state"": """", ""zip"": """"}'}",12426,7,4,35,14,14,,PARK AVENUE,LEXINGTON AVENUE,EAST  108 STREET,,,
7,60454139,2024-03-01T01:22:01.000,NYPD,New York City Police Department,Blocked Driveway,Partial Access,Street/Sidewalk,11358,45-04 165 STREET,165 STREET,45 AVENUE,46 AVENUE,ADDRESS,FLUSHING,In Progress,,,07 QUEENS,4054430037,QUEENS,1039167,214717,PHONE,Unspecified,QUEENS,40.75585452385689,-73.80177823412367,"{'latitude': '40.75585452385689', 'longitude': '-73.80177823412367', 'human_address': '{""address"": """", ""city"": """", ""state"": """", ""zip"": """"}'}",14193,22,3,3,67,67,,45 AVENUE,46 AVENUE,165 STREET,,,
8,60451879,2024-03-01T01:21:49.000,NYPD,New York City Police Department,Noise - Street/Sidewalk,Loud Talking,Street/Sidewalk,10040,2561 AMSTERDAM AVENUE,AMSTERDAM AVENUE,WEST  187 STREET,LAUREL HILL TERRACE,ADDRESS,NEW YORK,In Progress,,2024-03-01T02:07:41.000,12 MANHATTAN,1021490108,MANHATTAN,1004139,249657,MOBILE,Unspecified,MANHATTAN,40.85190335561317,-73.92810745791327,"{'latitude': '40.85190335561317', 'longitude': '-73.92810745791327', 'human_address': '{""address"": """", ""city"": """", ""state"": """", ""zip"": """"}'}",13091,47,4,39,22,22,,WEST  187 STREET,LAUREL HILL TERRACE,AMSTERDAM AVENUE,,,
9,60455465,2024-03-01T01:21:23.000,NYPD,New York City Police Department,Illegal Parking,Posted Parking Sign Violation,Street/Sidewalk,11691,125 BEACH   17 STREET,BEACH   17 STREET,BOARDWALK,SEAGIRT BOULEVARD,ADDRESS,FAR ROCKAWAY,In Progress,,2024-03-01T01:45:55.000,14 QUEENS,4156380001,QUEENS,1053344,155877,ONLINE,Unspecified,QUEENS,40.594253257596634,-73.75121009186816,"{'latitude': '40.594253257596634', 'longitude': '-73.75121009186816', 'human_address': '{""address"": """", ""city"": """", ""state"": """", ""zip"": """"}'}",20529,51,3,47,59,59,,BOARDWALK,SEAGIRT BOULEVARD,BEACH   17 STREET,,,
10,60454297,2024-03-01T01:21:13.000,NYPD,New York City Police Department,Noise - Residential,Loud Music/Party,Residential Building/House,11416,75-09 97 AVENUE,97 AVENUE,75 STREET,76 STREET,ADDRESS,OZONE PARK,In Progress,,2024-03-01T02:09:28.000,09 QUEENS,4090000028,QUEENS,1022264,187542,PHONE,Unspecified,QUEENS,40.68135460606376,-73.86294260898588,"{'latitude': '40.68135460606376', 'longitude': '-73.86294260898588', 'human_address': '{""address"": """", ""city"": """", ""state"": """", ""zip"": """"}'}",24012,46,3,41,60,60,,75 STREET,76 STREET,97 AVENUE,,,
11,60453061,2024-03-01T01:20:26.000,NYPD,New York City Police Department,Noise - Residential,Loud Music/Party,Residential Building/House,10473,535 HAVEMEYER AVENUE,HAVEMEYER AVENUE,LACOMBE AVENUE,RANDALL AVENUE,ADDRESS,BRONX,In Progress,,,09 BRONX,2035370001,BRONX,1027243,237367,PHONE,Unspecified,BRONX,40.81808863502929,-73.84467259346006,"{'latitude': '40.81808863502929', 'longitude': '-73.84467259346006', 'human_address': '{""address"": """", ""city"": """", ""state"": """", ""zip"": """"}'}",11611,58,5,31,26,26,,LACOMBE AVENUE,RANDALL AVENUE,HAVEMEYER AVENUE,,,
12,60454296,2024-03-01T01:20:25.000,NYPD,New York City Police Department,Noise - Residential,Loud Music/Party,Residential Building/House,10023,254 WEST   72 STREET,WEST   72 STREET,BROADWAY,WEST END AVENUE,ADDRESS,NEW YORK,In Progress,,2024-03-01T01:38:11.000,07 MANHATTAN,1011630057,MANHATTAN,988859,223208,MOBILE,Unspecified,MANHATTAN,40.77932945974181,-73.98335805984283,"{'latitude': '40.77932945974181', 'longitude': '-73.98335805984283', 'human_address': '{""address"": """", ""city"": """", ""state"": """", ""zip"": """"}'}",12420,20,4,19,12,12,,BROADWAY,WEST END AVENUE,WEST   72 STREET,,,
13,60449406,2024-03-01T01:20:14.000,NYPD,New York City Police Department,Illegal Parking,Parking Permit Improper Use,Street/Sidewalk,11214,8428 23 AVENUE,23 AVENUE,84 STREET,85 STREET,ADDRESS,BROOKLYN,In Progress,,,11 BROOKLYN,3063360044,BROOKLYN,986860,158439,MOBILE,Unspecified,BROOKLYN,40.60155436234205,-73.99060103923252,"{'latitude': '40.60155436234205', 'longitude': '-73.99060103923252', 'human_address': '{""address"": """", ""city"": """", ""state"": """", ""zip"": """"}'}",17616,1,2,45,37,37,,84 STREET,85 STREET,23 AVENUE,,,
14,60449344,2024-03-01T01:20:06.000,NYPD,New York City Police Department,Illegal Parking,Posted Parking Sign Violation,Street/Sidewalk,11691,125 BEACH   17 STREET,BEACH   17 STREET,BOARDWALK,SEAGIRT BOULEVARD,ADDRESS,FAR ROCKAWAY,In Progress,,2024-03-01T01:46:26.000,14 QUEENS,4156380001,QUEENS,1053344,155877,ONLINE,Unspecified,QUEENS,40.594253257596634,-73.75121009186816,"{'latitude': '40.594253257596634', 'longitude': '-73.75121009186816', 'human_address': '{""address"": """", ""city"": """", ""state"": """", ""zip"": """"}'}",20529,51,3,47,59,59,,BOARDWALK,SEAGIRT BOULEVARD,BEACH   17 STREET,,,
15,60453634,2024-03-01T01:19:31.000,NYPD,New York City Police Department,Noise - Residential,Banging/Pounding,Residential Building/House,11209,477 86 STREET,86 STREET,4 AVENUE,5 AVENUE,ADDRESS,BROOKLYN,Closed,The Police Department responded to the complaint and took action to fix the condition.,2024-03-01T01:22:12.000,10 BROOKLYN,3060350049,BROOKLYN,976793,165852,PHONE,Unspecified,BROOKLYN,40.6218987674609,-74.0268618445678,"{'latitude': '40.6218987674609', 'longitude': '-74.0268618445678', 'human_address': '{""address"": """", ""city"": """", ""state"": """", ""zip"": """"}'}",17216,10,2,44,41,41,,4 AVENUE,5 AVENUE,86 STREET,2024-03-01T01:22:10.000,,
16,60457968,2024-03-01T01:18:56.000,NYPD,New York City Police Department,Noise - Street/Sidewalk,Loud Music/Party,Street/Sidewalk,11218,12 MATTHEWS COURT,MATTHEWS COURT,CONEY ISLAND AVENUE,STRATFORD ROAD,ADDRESS,BROOKLYN,In Progress,,,14 BROOKLYN,3051410056,BROOKLYN,992795,173322,MOBILE,Unspecified,BROOKLYN,40.642401352136226,-73.96920946880847,"{'latitude': '40.642401352136226', 'longitude': '-73.96920946880847', 'human_address': '{""address"": """", ""city"": """", ""state"": """", ""zip"": """"}'}",17620,60,2,11,43,43,,CONEY ISLAND AVENUE,STRATFORD ROAD,MATTHEWS COURT,,,
17,60454207,2024-03-01T01:18:54.000,TLC,Taxi and Limousine Commission,Taxi Complaint,Driver Complaint - Passenger,Street,11430,JOHN F KENNEDY AIRPORT,JOHN F KENNEDY AIRPORT,BEND,AIRTRAIN-HOWARD BCH/JAMAICA LINE,UNRECOGNIZED,JAMAICA,In Progress,,,83 QUEENS,4142600001,QUEENS,1043001,175548,ONLINE,Unspecified,QUEENS,40.64832048620134,-73.78828125130184,"{'latitude': '40.64832048620134', 'longitude': '-73.78828125130184', 'human_address': '{""address"": """", ""city"": """", ""state"": """", ""zip"": """"}'}",24339,64,3,46,71,71,,BEND,AIRTRAIN-HOWARD BCH/JAMAICA LINE,JOHN F KENNEDY AIRPORT,,"JOHN F KENNEDY AIRPORT, QUEENS (JAMAICA) ,NY, 11430",
18,60450499,2024-03-01T01:18:53.000,NYPD,New York City Police Department,Blocked Driveway,Partial Access,Street/Sidewalk,11418,89 AVENUE,89 AVENUE,89 AVENUE,102 STREET,INTERSECTION,,In Progress,,2024-03-01T01:37:48.000,09 QUEENS,,QUEENS,1027403,191825,PHONE,Unspecified,QUEENS,40.6930868791897,-73.84438683082159,"{'latitude': '40.6930868791897', 'longitude': '-73.84438683082159', 'human_address': '{""address"": """", ""city"": """", ""state"": """", ""zip"": """"}'}",24014,46,3,41,60,60,,89 AVENUE,102 STREET,,,,
19,60457284,2024-03-01T01:18:41.000,NYPD,New York City Police Department,Noise - Commercial,Loud Music/Party,Club/Bar/Restaurant,10001,45 WEST   27 STREET,WEST   27 STREET,BROADWAY,AVENUE OF THE AMERICAS,ADDRESS,NEW YORK,Closed,The Police Department responded to the complaint and took action to fix the condition.,2024-03-01T01:25:07.000,05 MANHATTAN,1008290011,MANHATTAN,987116,210655,ONLINE,Unspecified,MANHATTAN,40.74487544050591,-73.98965694636395,"{'latitude': '40.74487544050591', 'longitude': '-73.98965694636395', 'human_address': '{""address"": """", ""city"": """", ""state"": """", ""zip"": """"}'}",12073,11,4,10,7,7,,BROADWAY,AVENUE OF THE AMERICAS,WEST   27 STREET,2024-03-01T01:25:01.000,,
20,60451651,2024-03-01T01:17:41.000,DOT,Department of Transportation,Street Condition,Pothole,,11434,132 AVENUE,132 AVENUE,BAISLEY BOULEVARD,ROCKAWAY BOULEVARD,BLOCKFACE,QUEENS,Open,The Department of Transportation referred this complaint to the appropriate Maintenance Unit for repair.,2024-03-01T01:17:41.000,12 QUEENS,,QUEENS,,,UNKNOWN,Unspecified,QUEENS,,,,,,,,,,N/A,,,,,,
21,60458119,2024-03-01T01:16:40.000,NYPD,New York City Police Department,Illegal Parking,Paper License Plates,Street/Sidewalk,11369,26-49 96 STREET,96 STREET,ASTORIA BOULEVARD,30 AVENUE,ADDRESS,EAST ELMHURST,In Progress,,,03 QUEENS,4013760032,QUEENS,1019411,216828,ONLINE,Unspecified,QUEENS,40.76174930651036,-73.87307593572716,"{'latitude': '40.76174930651036', 'longitude': '-73.87307593572716', 'human_address': '{""address"": """", ""city"": """", ""state"": """", ""zip"": """"}'}",14511,65,3,21,73,73,,ASTORIA BOULEVARD,30 AVENUE,96 STREET,,,
22,60450639,2024-03-01T01:14:07.000,NYPD,New York City Police Department,Noise - Residential,Banging/Pounding,Residential Building/House,10029,1716 LEXINGTON AVENUE,LEXINGTON AVENUE,EAST  107 STREET,EAST  108 STREET,ADDRESS,NEW YORK,In Progress,,,11 MANHATTAN,1016350017,MANHATTAN,999290,228220,PHONE,Unspecified,MANHATTAN,40.79307446397182,-73.94568312627392,"{'latitude': '40.79307446397182', 'longitude': '-73.94568312627392', 'human_address': '{""address"": """", ""city"": """", ""state"": """", ""zip"": """"}'}",12426,7,4,35,14,14,,EAST  107 STREET,EAST  108 STREET,LEXINGTON AVENUE,,,
23,60456711,2024-03-01T01:13:49.000,NYPD,New York City Police Department,Noise - Street/Sidewalk,Loud Talking,Street/Sidewalk,11229,1862 EAST   14 STREET,EAST   14 STREET,AVENUE R,AVENUE S,ADDRESS,BROOKLYN,In Progress,,2024-03-01T01:45:00.000,15 BROOKLYN,3068190032,BROOKLYN,995801,159453,ONLINE,Unspecified,BROOKLYN,40.60433044229318,-73.95840156552681,"{'latitude': '40.60433044229318', 'longitude': '-73.95840156552681', 'human_address': '{""address"": """", ""city"": """", ""state"": """", ""zip"": """"}'}",13512,32,2,15,36,36,,AVENUE R,AVENUE S,EAST   14 STREET,,,
24,60449369,2024-03-01T01:12:57.000,NYPD,New York City Police Department,Noise - Residential,Loud Music/Party,Residential Building/House,11203,701 FENIMORE STREET,FENIMORE STREET,ALBANY AVENUE,TROY AVENUE,ADDRESS,BROOKLYN,In Progress,,2024-03-01T01:34:22.000,09 BROOKLYN,3048130001,BROOKLYN,1001179,179525,MOBILE,Unspecified,BROOKLYN,40.65941517743085,-73.9389835134306,"{'latitude': '40.65941517743085', 'longitude': '-73.9389835134306', 'human_address': '{""address"": """", ""city"": """", ""state"": """", ""zip"": """"}'}",16866,17,2,17,44,44,,ALBANY AVENUE,TROY AVENUE,FENIMORE STREET,,,
25,60456708,2024-03-01T01:12:14.000,NYPD,New York City Police Department,Noise - Residential,Loud Music/Party,Residential Building/House,11216,336 LEXINGTON AVENUE,LEXINGTON AVENUE,NOSTRAND AVENUE,MARCY AVENUE,ADDRESS,BROOKLYN,In Progress,Your complaint has been received by the Police Department and additional information will be available later.,2024-03-01T02:05:01.000,03 BROOKLYN,3018030042,BROOKLYN,998554,189922,PHONE,Unspecified,BROOKLYN,40.687957230666626,-73.94842262430997,"{'latitude': '40.687957230666626', 'longitude': '-73.94842262430997', 'human_address': '{""address"": """", ""city"": """", ""state"": """", ""zip"": """"}'}",17618,69,2,49,51,51,,NOSTRAND AVENUE,MARCY AVENUE,LEXINGTON AVENUE,,,
26,60454933,2024-03-01T01:11:28.000,NYPD,New York City Police Department,Noise - Street/Sidewalk,Loud Music/Party,Street/Sidewalk,10011,130 WEST   20 STREET,WEST   20 STREET,AVENUE OF THE AMERICAS,7 AVENUE,ADDRESS,NEW YORK,Closed,The Police Department responded to the complaint and determined that police action was not necessary.,2024-03-01T01:17:25.000,04 MANHATTAN,1007957502,MANHATTAN,985536,209434,MOBILE,Unspecified,MANHATTAN,40.741524471258586,-73.99535921215485,"{'latitude': '40.741524471258586', 'longitude': '-73.99535921215485', 'human_address': '{""address"": """", ""city"": """", ""state"": """", ""zip"": """"}'}",12074,12,4,10,7,7,,AVENUE OF THE AMERICAS,7 AVENUE,WEST   20 STREET,2024-03-01T01:17:22.000,,
27,60456572,2024-03-01T01:11:09.000,NYPD,New York City Police Department,Blocked Driveway,No Access,Street/Sidewalk,11373,42-09 ITHACA STREET,ITHACA STREET,ELMHURST AVENUE,WHITNEY AVENUE,ADDRESS,ELMHURST,In Progress,,2024-03-01T02:05:30.000,04 QUEENS,4015570051,QUEENS,1017930,210441,ONLINE,Unspecified,QUEENS,40.74422439345961,-73.87845402886087,"{'latitude': '40.74422439345961', 'longitude': '-73.87845402886087', 'human_address': '{""address"": """", ""city"": """", ""state"": """", ""zip"": """"}'}",14784,66,3,5,68,68,,ELMHURST AVENUE,WHITNEY AVENUE,ITHACA STREET,,,
28,60456667,2024-03-01T01:10:59.000,NYPD,New York City Police Department,Drinking,Underage - Licensed Est,Club/Bar/Restaurant,10002,115 ALLEN STREET,ALLEN STREET,DELANCEY STREET,RIVINGTON STREET,ADDRESS,NEW YORK,In Progress,,2024-03-01T01:38:06.000,03 MANHATTAN,1004157502,MANHATTAN,986955,201397,ONLINE,Unspecified,MANHATTAN,40.71946455378344,-73.99024169821536,"{'latitude': '40.71946455378344', 'longitude': '-73.99024169821536', 'human_address': '{""address"": """", ""city"": """", ""state"": """", ""zip"": """"}'}",11723,70,4,32,2,2,,DELANCEY STREET,RIVINGTON STREET,ALLEN STREET,,,
29,60455452,2024-03-01T01:10:55.000,NYPD,New York City Police Department,Illegal Parking,Blocked Hydrant,Street/Sidewalk,11237,467 HARMAN STREET,HARMAN STREET,ST NICHOLAS AVENUE,CYPRESS AVENUE,ADDRESS,BROOKLYN,In Progress,,2024-03-01T01:36:01.000,04 BROOKLYN,3032820043,BROOKLYN,1007861,195762,ONLINE,Unspecified,BROOKLYN,40.70396673205884,-73.91484298129794,"{'latitude': '40.70396673205884', 'longitude': '-73.91484298129794', 'human_address': '{""address"": """", ""city"": """", ""state"": """", ""zip"": """"}'}",13828,42,2,37,53,53,,ST NICHOLAS AVENUE,CYPRESS AVENUE,HARMAN STREET,,,
30,60450065,2024-03-01T01:10:40.000,NYPD,New York City Police Department,Noise - Street/Sidewalk,Loud Music/Party,Street/Sidewalk,11691,BEACH    7 STREET,BEACH    7 STREET,BEACH    7 STREET,LANETT AVENUE,INTERSECTION,,Closed,The Police Department responded and upon arrival those responsible for the condition were gone.,2024-03-01T01:23:38.000,14 QUEENS,,QUEENS,1055777,157745,MOBILE,Unspecified,QUEENS,40.5993612177781,-73.74242975016048,"{'latitude': '40.5993612177781', 'longitude': '-73.74242975016048', 'human_address': '{""address"": """", ""city"": """", ""state"": """", ""zip"": """"}'}",20529,51,3,47,59,59,,BEACH    7 STREET,LANETT AVENUE,,2024-03-01T01:23:30.000,,
31,60454893,2024-03-01T01:10:06.000,NYPD,New York City Police Department,Noise - Residential,Loud Music/Party,Residential Building/House,11209,7309 3 AVENUE,3 AVENUE,73 STREET,74 STREET,ADDRESS,BROOKLYN,Closed,The Police Department responded to the complaint and took action to fix the condition.,2024-03-01T01:13:44.000,10 BROOKLYN,3059180006,BROOKLYN,976679,169785,PHONE,Unspecified,BROOKLYN,40.632693928233444,-74.02727691064146,"{'latitude': '40.632693928233444', 'longitude': '-74.02727691064146', 'human_address': '{""address"": """", ""city"": """", ""state"": """", ""zip"": """"}'}",17216,10,2,44,41,41,,73 STREET,74 STREET,3 AVENUE,2024-03-01T01:13:40.000,,
32,60454295,2024-03-01T01:08:47.000,NYPD,New York City Police Department,Noise - Residential,Banging/Pounding,Residential Building/House,10456,266 EAST  165 STREET,EAST  165 STREET,GRANT AVENUE,MORRIS AVENUE,ADDRESS,BRONX,In Progress,,2024-03-01T02:19:31.000,04 BRONX,2024470050,BRONX,1007330,241447,PHONE,Unspecified,BRONX,40.829361543927966,-73.91660124720313,"{'latitude': '40.829361543927966', 'longitude': '-73.91660124720313', 'human_address': '{""address"": """", ""city"": """", ""state"": """", ""zip"": """"}'}",10934,50,5,42,27,27,,GRANT AVENUE,MORRIS AVENUE,EAST  165 STREET,,,
33,60455474,2024-03-01T01:07:26.000,NYPD,New York City Police Department,Noise - Residential,Banging/Pounding,Residential Building/House,10453,1769 JEROME AVENUE,JEROME AVENUE,WEST  176 STREET,EAST  176 STREET,ADDRESS,BRONX,In Progress,,,05 BRONX,2028617501,BRONX,1008639,248393,ONLINE,Unspecified,BRONX,40.84842276788623,-73.91184596707207,"{'latitude': '40.84842276788623', 'longitude': '-73.91184596707207', 'human_address': '{""address"": """", ""city"": """", ""state"": """", ""zip"": """"}'}",10931,6,5,29,29,29,,WEST  176 STREET,EAST  176 STREET,JEROME AVENUE,,,
34,60451269,2024-03-01T01:07:23.000,NYPD,New York City Police Department,Noise - Residential,Loud Music/Party,Residential Building/House,11209,7309 3 AVENUE,3 AVENUE,73 STREET,74 STREET,ADDRESS,BROOKLYN,Closed,The Police Department responded to the complaint and took action to fix the condition.,2024-03-01T01:09:37.000,10 BROOKLYN,3059180006,BROOKLYN,976679,169785,PHONE,Unspecified,BROOKLYN,40.632693928233444,-74.02727691064146,"{'latitude': '40.632693928233444', 'longitude': '-74.02727691064146', 'human_address': '{""address"": """", ""city"": """", ""state"": """", ""zip"": """"}'}",17216,10,2,44,41,41,,73 STREET,74 STREET,3 AVENUE,2024-03-01T01:09:34.000,,
35,60454140,2024-03-01T01:06:05.000,NYPD,New York City Police Department,Blocked Driveway,Partial Access,Street/Sidewalk,10466,4434 EDSON AVENUE,EDSON AVENUE,NEREID AVENUE,DEAD END,ADDRESS,BRONX,In Progress,,,12 BRONX,2050940021,BRONX,1026460,267210,PHONE,Unspecified,BRONX,40.90000235520721,-73.84731351909905,"{'latitude': '40.90000235520721', 'longitude': '-73.84731351909905', 'human_address': '{""address"": """", ""city"": """", ""state"": """", ""zip"": """"}'}",11275,29,5,2,30,30,,NEREID AVENUE,DEAD END,EDSON AVENUE,,,
36,60453058,2024-03-01T01:05:21.000,NYPD,New York City Police Department,Noise - Residential,Banging/Pounding,Residential Building/House,11415,84-70 129 STREET,129 STREET,KEW GARDENS ROAD,METROPOLITAN AVENUE,ADDRESS,KEW GARDENS,In Progress,,2024-03-01T01:36:36.000,09 QUEENS,4092490040,QUEENS,1033141,196138,PHONE,Unspecified,QUEENS,40.70489519545206,-73.82366388782683,"{'latitude': '40.70489519545206', 'longitude': '-73.82366388782683', 'human_address': '{""address"": """", ""city"": """", ""state"": """", ""zip"": """"}'}",24011,46,3,28,60,60,,KEW GARDENS ROAD,METROPOLITAN AVENUE,129 STREET,,,
37,60454263,2024-03-01T01:04:55.000,NYPD,New York City Police Department,Illegal Parking,Blocked Hydrant,Street/Sidewalk,10471,591 WEST  256 STREET,WEST  256 STREET,NETHERLAND AVENUE,ARLINGTON AVENUE,ADDRESS,BRONX,In Progress,,2024-03-01T02:21:16.000,08 BRONX,,BRONX,1009980,268805,MOBILE,Unspecified,BRONX,40.9044435653202,-73.90692052995908,"{'latitude': '40.9044435653202', 'longitude': '-73.90692052995908', 'human_address': '{""address"": """", ""city"": """", ""state"": """", ""zip"": """"}'}",11609,48,5,40,33,33,,NETHERLAND AVENUE,ARLINGTON AVENUE,WEST  256 STREET,,,
38,60451850,2024-03-01T01:04:52.000,NYPD,New York City Police Department,Illegal Parking,Blocked Sidewalk,Street/Sidewalk,10463,130 VAN CORTLANDT AVENUE WEST,VAN CORTLANDT AVENUE WEST,ORLOFF AVENUE,BAILEY AVENUE,ADDRESS,BRONX,In Progress,,2024-03-01T01:38:03.000,08 BRONX,2032630058,BRONX,1013571,261613,MOBILE,Unspecified,BRONX,40.88469262294777,-73.89396142726204,"{'latitude': '40.88469262294777', 'longitude': '-73.89396142726204', 'human_address': '{""address"": """", ""city"": """", ""state"": """", ""zip"": """"}'}",11272,48,5,40,33,33,,ORLOFF AVENUE,BAILEY AVENUE,VAN CORTLANDT AVENUE WEST,,,
39,60453062,2024-03-01T01:04:44.000,NYPD,New York City Police Department,Noise - Residential,Loud Music/Party,Residential Building/House,11212,60 EAST   93 STREET,EAST   93 STREET,DEAD END,RUTLAND ROAD,ADDRESS,BROOKLYN,In Progress,,2024-03-01T01:31:05.000,17 BROOKLYN,3045950215,BROOKLYN,1004501,180649,PHONE,Unspecified,BROOKLYN,40.662493333971206,-73.9270067970956,"{'latitude': '40.662493333971206', 'longitude': '-73.9270067970956', 'human_address': '{""address"": """", ""city"": """", ""state"": """", ""zip"": """"}'}",17614,61,2,17,40,40,,DEAD END,RUTLAND ROAD,EAST   93 STREET,,,
40,60453028,2024-03-01T01:03:22.000,NYPD,New York City Police Department,Illegal Parking,Blocked Sidewalk,Street/Sidewalk,10463,140 VAN CORTLANDT AVENUE WEST,VAN CORTLANDT AVENUE WEST,ORLOFF AVENUE,BAILEY AVENUE,ADDRESS,BRONX,In Progress,,2024-03-01T01:38:38.000,08 BRONX,2032630050,BRONX,1013477,261848,MOBILE,Unspecified,BRONX,40.88533793571508,-73.89430034979004,"{'latitude': '40.88533793571508', 'longitude': '-73.89430034979004', 'human_address': '{""address"": """", ""city"": """", ""state"": """", ""zip"": """"}'}",11272,48,5,40,33,33,,ORLOFF AVENUE,BAILEY AVENUE,VAN CORTLANDT AVENUE WEST,,,
41,60453538,2024-03-01T01:03:16.000,NYPD,New York City Police Department,Blocked Driveway,Partial Access,Street/Sidewalk,10310,171 NORTH BURGHER AVENUE,NORTH BURGHER AVENUE,HENDERSON AVENUE,DOE PLACE,ADDRESS,STATEN ISLAND,Closed,The Police Department issued a summons in response to the complaint.,2024-03-01T01:21:14.000,01 STATEN ISLAND,5001610001,STATEN ISLAND,952341,171448,PHONE,Unspecified,STATEN ISLAND,40.637204269306935,-74.1149700180016,"{'latitude': '40.637204269306935', 'longitude': '-74.1149700180016', 'human_address': '{""address"": """", ""city"": """", ""state"": """", ""zip"": """"}'}",10697,4,1,13,74,74,,HENDERSON AVENUE,DOE PLACE,NORTH BURGHER AVENUE,2024-03-01T01:21:09.000,,
42,60456688,2024-03-01T01:02:18.000,NYPD,New York City Police Department,Illegal Parking,Posted Parking Sign Violation,Street/Sidewalk,10471,548 WEST  256 STREET,WEST  256 STREET,RIVERDALE AVENUE,NETHERLAND AVENUE,ADDRESS,BRONX,In Progress,,2024-03-01T02:12:50.000,08 BRONX,,BRONX,1010225,268746,MOBILE,Unspecified,BRONX,40.90428091154132,-73.90603446070851,"{'latitude': '40.90428091154132', 'longitude': '-73.90603446070851', 'human_address': '{""address"": """", ""city"": """", ""state"": """", ""zip"": """"}'}",11609,48,5,40,33,33,,RIVERDALE AVENUE,NETHERLAND AVENUE,WEST  256 STREET,,,
43,60454268,2024-03-01T01:01:41.000,NYPD,New York City Police Department,Illegal Parking,Blocked Hydrant,Street/Sidewalk,11230,948 EAST   19 STREET,EAST   19 STREET,AVENUE I,AVENUE J,ADDRESS,BROOKLYN,In Progress,,,14 BROOKLYN,3067110053,BROOKLYN,995924,167842,MOBILE,Unspecified,BROOKLYN,40.62735634688647,-73.95794410308636,"{'latitude': '40.62735634688647', 'longitude': '-73.95794410308636', 'human_address': '{""address"": """", ""city"": """", ""state"": """", ""zip"": """"}'}",13513,60,2,18,43,43,,AVENUE I,AVENUE J,EAST   19 STREET,,,
44,60453041,2024-03-01T01:01:34.000,NYPD,New York City Police Department,Illegal Parking,Posted Parking Sign Violation,Street/Sidewalk,10471,5439 RIVERDALE AVENUE,RIVERDALE AVENUE,HENRY HUDSON PARKWAY EAST,NETHERLAND AVENUE,ADDRESS,BRONX,In Progress,,2024-03-01T02:15:16.000,08 BRONX,,BRONX,1010289,268005,MOBILE,Unspecified,BRONX,40.90224691801478,-73.90580582094998,"{'latitude': '40.90224691801478', 'longitude': '-73.90580582094998', 'human_address': '{""address"": """", ""city"": """", ""state"": """", ""zip"": """"}'}",11609,48,5,40,33,33,,HENRY HUDSON PARKWAY EAST,NETHERLAND AVENUE,RIVERDALE AVENUE,,,
45,60456695,2024-03-01T01:01:16.000,NYPD,New York City Police Department,Noise - Commercial,Loud Music/Party,Store/Commercial,11211,600 METROPOLITAN AVENUE,METROPOLITAN AVENUE,LORIMER STREET,LEONARD STREET,ADDRESS,BROOKLYN,In Progress,,2024-03-01T01:48:02.000,01 BROOKLYN,3027620006,BROOKLYN,998421,199447,PHONE,Unspecified,BROOKLYN,40.7141013357581,-73.94888215335709,"{'latitude': '40.7141013357581', 'longitude': '-73.94888215335709', 'human_address': '{""address"": """", ""city"": """", ""state"": """", ""zip"": """"}'}",17613,36,2,30,56,56,,LORIMER STREET,LEONARD STREET,METROPOLITAN AVENUE,,,
46,60454281,2024-03-01T01:00:51.000,NYPD,New York City Police Department,Illegal Parking,Posted Parking Sign Violation,Street/Sidewalk,10471,5535 NETHERLAND AVENUE,NETHERLAND AVENUE,BEND,WEST  256 STREET,ADDRESS,BRONX,In Progress,,2024-03-01T02:12:11.000,08 BRONX,2059500430,BRONX,1010114,268519,MOBILE,Unspecified,BRONX,40.903658196293335,-73.90643688418457,"{'latitude': '40.903658196293335', 'longitude': '-73.90643688418457', 'human_address': '{""address"": """", ""city"": """", ""state"": """", ""zip"": """"}'}",11609,48,5,40,33,33,,BEND,WEST  256 STREET,NETHERLAND AVENUE,,,
47,60448835,2024-03-01T00:59:27.000,NYPD,New York City Police Department,Noise - Street/Sidewalk,Loud Talking,Street/Sidewalk,10038,CLIFF STREET,CLIFF STREET,CLIFF STREET,FULTON STREET,INTERSECTION,,Closed,The Police Department responded to the complaint and with the information available observed no evidence of the violation at that time.,2024-03-01T01:17:54.000,01 MANHATTAN,,MANHATTAN,982915,197362,PHONE,Unspecified,MANHATTAN,40.70838975461549,-74.0048152194061,"{'latitude': '40.70838975461549', 'longitude': '-74.0048152194061', 'human_address': '{""address"": """", ""city"": """", ""state"": """", ""zip"": """"}'}",13096,56,4,32,1,1,,CLIFF STREET,FULTON STREET,,2024-03-01T01:17:49.000,,
48,60457933,2024-03-01T00:59:18.000,NYPD,New York City Police Department,Illegal Parking,Blocked Sidewalk,Street/Sidewalk,10468,2485 DEVOE TERRACE,DEVOE TERRACE,BEND,WEST  190 STREET,ADDRESS,BRONX,In Progress,,2024-03-01T01:32:17.000,07 BRONX,2032190105,BRONX,1010486,254352,MOBILE,Unspecified,BRONX,40.86477313638977,-73.90514666822146,"{'latitude': '40.86477313638977', 'longitude': '-73.90514666822146', 'human_address': '{""address"": """", ""city"": """", ""state"": """", ""zip"": """"}'}",11606,24,5,29,34,34,,BEND,WEST  190 STREET,DEVOE TERRACE,,,
49,60457967,2024-03-01T00:58:51.000,NYPD,New York City Police Department,Noise - Residential,Loud Music/Party,Residential Building/House,11221,1119 BROADWAY,BROADWAY,DEKALB AVENUE,KOSCIUSZKO STREET,ADDRESS,BROOKLYN,In Progress,,2024-03-01T01:56:38.000,04 BROOKLYN,3032410078,BROOKLYN,1003802,192036,ONLINE,Unspecified,BROOKLYN,40.69374963424376,-73.92949325294583,"{'latitude': '40.69374963424376', 'longitude': '-73.92949325294583', 'human_address': '{""address"": """", ""city"": """", ""state"": """", ""zip"": """"}'}",18181,42,2,30,53,53,,DEKALB AVENUE,KOSCIUSZKO STREET,BROADWAY,,,
50,60453641,2024-03-01T00:58:47.000,NYPD,New York City Police Department,Noise - Residential,Banging/Pounding,Residential Building/House,10025,711 WEST END AVENUE,WEST END AVENUE,WEST   94 STREET,WEST   95 STREET,ADDRESS,NEW YORK,Closed,The Police Department responded to the complaint and took action to fix the condition.,2024-03-01T01:17:44.000,07 MANHATTAN,1012530021,MANHATTAN,991484,228686,PHONE,Unspecified,MANHATTAN,40.79436334562362,-73.97387394597743,"{'latitude': '40.79436334562362', 'longitude': '-73.97387394597743', 'human_address': '{""address"": """", ""city"": """", ""state"": """", ""zip"": """"}'}",12422,20,4,19,15,15,,WEST   94 STREET,WEST   95 STREET,WEST END AVENUE,2024-03-01T01:17:38.000,,
51,60454890,2024-03-01T00:57:53.000,NYPD,New York City Police Department,Noise - Residential,Loud Music/Party,Residential Building/House,11221,984 GREENE AVENUE,GREENE AVENUE,MALCOLM X BOULEVARD,PATCHEN AVENUE,ADDRESS,BROOKLYN,Closed,The Police Department responded to the complaint and took action to fix the condition.,2024-03-01T01:10:55.000,03 BROOKLYN,3016220034,BROOKLYN,1004056,191030,MOBILE,Unspecified,BROOKLYN,40.690987832760484,-73.92858025808955,"{'latitude': '40.690987832760484', 'longitude': '-73.92858025808955', 'human_address': '{""address"": """", ""city"": """", ""state"": """", ""zip"": """"}'}",18181,69,2,49,52,52,,MALCOLM X BOULEVARD,PATCHEN AVENUE,GREENE AVENUE,2024-03-01T01:10:52.000,,
52,60457871,2024-03-01T00:57:38.000,TLC,Taxi and Limousine Commission,Taxi Complaint,Driver Complaint - Passenger,Street,11430,JFK,JFK,BEND,AIRTRAIN-HOWARD BCH/JAMAICA LINE,UNRECOGNIZED,JAMAICA,In Progress,,,83 QUEENS,4142600001,QUEENS,1043001,175548,PHONE,Unspecified,QUEENS,40.64832048620134,-73.78828125130184,"{'latitude': '40.64832048620134', 'longitude': '-73.78828125130184', 'human_address': '{""address"": """", ""city"": """", ""state"": """", ""zip"": """"}'}",24339,64,3,46,71,71,,BEND,AIRTRAIN-HOWARD BCH/JAMAICA LINE,JOHN F KENNEDY AIRPORT,,"JOHN F KENNEDY AIRPORT, QUEENS (JAMAICA) ,NY, 11430",
53,60457851,2024-03-01T00:57:37.000,DOHMH,Department of Health and Mental Hygiene,Rodent,Rat Sighting,3+ Family Apt. Building,11206,20 MAUJER STREET,MAUJER STREET,UNION AVENUE,LORIMER STREET,ADDRESS,BROOKLYN,In Progress,,,01 BROOKLYN,3027910014,BROOKLYN,998098,198063,MOBILE,Unspecified,BROOKLYN,40.71030309727022,-73.9500501303802,"{'latitude': '40.71030309727022', 'longitude': '-73.9500501303802', 'human_address': '{""address"": """", ""city"": """", ""state"": """", ""zip"": """"}'}",17213,36,2,30,56,56,,UNION AVENUE,LORIMER STREET,MAUJER STREET,,,
54,60456114,2024-03-01T00:57:30.000,NYPD,New York City Police Department,Noise - Residential,Loud Music/Party,Residential Building/House,10452,1403 GRAND CONCOURSE,GRAND CONCOURSE,EAST  170 STREET,EAST  171 STREET,ADDRESS,BRONX,Closed,The Police Department responded to the complaint and took action to fix the condition.,2024-03-01T01:24:09.000,04 BRONX,2028330030,BRONX,1008147,244946,ONLINE,Unspecified,BRONX,40.83896311232895,-73.91363658344284,"{'latitude': '40.83896311232895', 'longitude': '-73.91363658344284', 'human_address': '{""address"": """", ""city"": """", ""state"": """", ""zip"": """"}'}",10934,50,5,29,27,27,,EAST  170 STREET,EAST  171 STREET,GRAND CONCOURSE,2024-03-01T01:24:05.000,,
55,60454842,2024-03-01T00:57:27.000,NYPD,New York City Police Department,Noise - Commercial,Loud Music/Party,Club/Bar/Restaurant,10014,29 CORNELIA STREET,CORNELIA STREET,WEST    4 STREET,BLEECKER STREET,ADDRESS,NEW YORK,Closed,The Police Department responded to the complaint and took action to fix the condition.,2024-03-01T01:22:19.000,02 MANHATTAN,1005900045,MANHATTAN,983598,205730,ONLINE,Unspecified,MANHATTAN,40.73135797584184,-74.00235251324737,"{'latitude': '40.73135797584184', 'longitude': '-74.00235251324737', 'human_address': '{""address"": """", ""city"": """", ""state"": """", ""zip"": """"}'}",12077,57,4,10,3,3,,WEST    4 STREET,BLEECKER STREET,CORNELIA STREET,2024-03-01T01:22:15.000,,
56,60448608,2024-03-01T00:57:02.000,NYPD,New York City Police Department,Noise - Vehicle,Engine Idling,Street/Sidewalk,10003,112 EAST   11 STREET,EAST   11 STREET,4 AVENUE,3 AVENUE,ADDRESS,NEW YORK,Closed,The Police Department responded to the complaint and determined that police action was not necessary.,2024-03-01T01:19:14.000,03 MANHATTAN,1005560016,MANHATTAN,987067,205902,MOBILE,Unspecified,MANHATTAN,40.73182964911108,-73.98983577187015,"{'latitude': '40.73182964911108', 'longitude': '-73.98983577187015', 'human_address': '{""address"": """", ""city"": """", ""state"": """", ""zip"": """"}'}",11724,70,4,50,5,5,,4 AVENUE,3 AVENUE,EAST   11 STREET,2024-03-01T01:19:10.000,,Car
57,60453064,2024-03-01T00:56:24.000,NYPD,New York City Police Department,Noise - Vehicle,Car/Truck Horn,Street/Sidewalk,11213,287 BUFFALO AVENUE,BUFFALO AVENUE,LINCOLN PLACE,EASTERN PARKWAY,ADDRESS,BROOKLYN,In Progress,,2024-03-01T01:32:34.000,08 BROOKLYN,3013930001,BROOKLYN,1004912,183056,MOBILE,Unspecified,BROOKLYN,40.66909906238169,-73.9255180024025,"{'latitude': '40.66909906238169', 'longitude': '-73.9255180024025', 'human_address': '{""address"": """", ""city"": """", ""state"": """", ""zip"": """"}'}",17615,16,2,17,49,49,,LINCOLN PLACE,EASTERN PARKWAY,BUFFALO AVENUE,,,Car
58,60449325,2024-03-01T00:56:09.000,NYPD,New York City Police Department,Illegal Parking,Blocked Hydrant,Street/Sidewalk,11421,85-77 80 STREET,80 STREET,85 DRIVE,86 AVENUE,ADDRESS,WOODHAVEN,In Progress,,,09 QUEENS,4088470199,QUEENS,1022234,192082,PHONE,Unspecified,QUEENS,40.69381597828006,-73.86302517659573,"{'latitude': '40.69381597828006', 'longitude': '-73.86302517659573', 'human_address': '{""address"": """", ""city"": """", ""state"": """", ""zip"": """"}'}",24017,46,3,34,60,60,,85 DRIVE,86 AVENUE,80 STREET,,,
59,60451878,2024-03-01T00:56:03.000,NYPD,New York City Police Department,Noise - Residential,Loud Music/Party,Residential Building/House,11221,1119 BROADWAY,BROADWAY,DEKALB AVENUE,KOSCIUSZKO STREET,ADDRESS,BROOKLYN,In Progress,,2024-03-01T01:52:32.000,04 BROOKLYN,3032410078,BROOKLYN,1003802,192036,ONLINE,Unspecified,BROOKLYN,40.69374963424376,-73.92949325294583,"{'latitude': '40.69374963424376', 'longitude': '-73.92949325294583', 'human_address': '{""address"": """", ""city"": """", ""state"": """", ""zip"": """"}'}",18181,42,2,30,53,53,,DEKALB AVENUE,KOSCIUSZKO STREET,BROADWAY,,,
60,60451062,2024-03-01T00:55:46.000,NYPD,New York City Police Department,Noise - Residential,Loud Television,Residential Building/House,10455,530 EAST  146 STREET,EAST  146 STREET,BROOK AVENUE,ST ANNS AVENUE,ADDRESS,BRONX,Closed,The Police Department responded to the complaint and took action to fix the condition.,2024-03-01T01:12:44.000,01 BRONX,2022720038,BRONX,1007677,235383,MOBILE,Unspecified,BRONX,40.81271667065921,-73.91536854607924,"{'latitude': '40.81271667065921', 'longitude': '-73.91536854607924', 'human_address': '{""address"": """", ""city"": """", ""state"": """", ""zip"": """"}'}",10933,49,5,35,23,23,,BROOK AVENUE,ST ANNS AVENUE,EAST  146 STREET,2024-03-01T01:12:39.000,,
61,60456125,2024-03-01T00:55:09.000,NYPD,New York City Police Department,Noise - Residential,Loud Talking,Residential Building/House,10455,530 EAST  146 STREET,EAST  146 STREET,BROOK AVENUE,ST ANNS AVENUE,ADDRESS,BRONX,Closed,The Police Department responded to the complaint and took action to fix the condition.,2024-03-01T01:13:30.000,01 BRONX,2022720038,BRONX,1007677,235383,MOBILE,Unspecified,BRONX,40.81271667065921,-73.91536854607924,"{'latitude': '40.81271667065921', 'longitude': '-73.91536854607924', 'human_address': '{""address"": """", ""city"": """", ""state"": """", ""zip"": """"}'}",10933,49,5,35,23,23,,BROOK AVENUE,ST ANNS AVENUE,EAST  146 STREET,2024-03-01T01:13:27.000,,
62,60457966,2024-03-01T00:54:31.000,NYPD,New York City Police Department,Noise - Residential,Banging/Pounding,Residential Building/House,11201,190 YORK STREET,YORK STREET,BRIDGE STREET,GOLD STREET,ADDRESS,BROOKLYN,In Progress,Your complaint has been received by the Police Department and additional information will be available later.,2024-03-01T01:30:59.000,02 BROOKLYN,3000680001,BROOKLYN,988838,194807,PHONE,Unspecified,BROOKLYN,40.70137579240106,-73.98345325660519,"{'latitude': '40.70137579240106', 'longitude': '-73.98345325660519', 'human_address': '{""address"": """", ""city"": """", ""state"": """", ""zip"": """"}'}",16865,68,2,48,54,54,,BRIDGE STREET,GOLD STREET,YORK STREET,,,
63,60451876,2024-03-01T00:53:50.000,NYPD,New York City Police Department,Noise - Residential,Loud Music/Party,Residential Building/House,11226,225 PARKSIDE AVENUE,PARKSIDE AVENUE,PARKSIDE COURT,FLATBUSH AVENUE,ADDRESS,BROOKLYN,In Progress,,2024-03-01T01:29:14.000,09 BROOKLYN,3050260264,BROOKLYN,995264,178090,PHONE,Unspecified,BROOKLYN,40.65548575094419,-73.96030504056489,"{'latitude': '40.65548575094419', 'longitude': '-73.96030504056489', 'human_address': '{""address"": """", ""city"": """", ""state"": """", ""zip"": """"}'}",13510,17,2,11,44,44,,PARKSIDE COURT,FLATBUSH AVENUE,PARKSIDE AVENUE,,,
64,60451848,2024-03-01T00:53:38.000,NYPD,New York City Police Department,Illegal Parking,Blocked Hydrant,Street/Sidewalk,11411,114-54 211 STREET,211 STREET,MURDOCK AVENUE,115 AVENUE,ADDRESS,CAMBRIA HEIGHTS,In Progress,,,13 QUEENS,4110290169,QUEENS,1055327,195013,MOBILE,Unspecified,QUEENS,40.70165695029151,-73.74365747341646,"{'latitude': '40.70165695029151', 'longitude': '-73.74365747341646', 'human_address': '{""address"": """", ""city"": """", ""state"": """", ""zip"": """"}'}",15311,63,3,6,63,63,,MURDOCK AVENUE,115 AVENUE,211 STREET,,,
65,60458045,2024-03-01T00:53:06.000,TLC,Taxi and Limousine Commission,For Hire Vehicle Complaint,Driver Complaint - Non Passenger,Street,11101,30-74 SKILLMAN AVENUE,SKILLMAN AVENUE,THOMSON AVENUE,QUEENS BOULEVARD,ADDRESS,LONG ISLAND CITY,In Progress,,,02 QUEENS,4002750080,QUEENS,1002134,210988,ONLINE,Unspecified,QUEENS,40.74577182269025,-73.9354578938083,"{'latitude': '40.74577182269025', 'longitude': '-73.9354578938083', 'human_address': '{""address"": """", ""city"": """", ""state"": """", ""zip"": """"}'}",16858,53,3,33,66,66,,THOMSON AVENUE,QUEENS BOULEVARD,SKILLMAN AVENUE,,"30-74 SKILLMAN AVENUE, QUEENS (LONG ISLAND CITY), NY, 11101",
66,60454851,2024-03-01T00:52:48.000,NYPD,New York City Police Department,Noise - Residential,Banging/Pounding,Residential Building/House,11101,41-14 10 STREET,10 STREET,41 AVENUE,41 ROAD,ADDRESS,LONG ISLAND CITY,Closed,The Police Department responded to the complaint and with the information available observed no evidence of the violation at that time.,2024-03-01T01:20:17.000,01 QUEENS,4004650100,QUEENS,999256,214522,PHONE,Unspecified,QUEENS,40.75547711024346,-73.94583650569939,"{'latitude': '40.75547711024346', 'longitude': '-73.94583650569939', 'human_address': '{""address"": """", ""city"": """", ""state"": """", ""zip"": """"}'}",16858,39,3,33,72,72,,41 AVENUE,41 ROAD,10 STREET,2024-03-01T01:20:14.000,,
67,60454500,2024-03-01T00:52:38.000,NYPD,New York City Police Department,Illegal Parking,Blocked Crosswalk,Street/Sidewalk,11368,58-03 CALLOWAY STREET,CALLOWAY STREET,58 AVENUE,59 AVENUE,ADDRESS,CORONA,In Progress,,,04 QUEENS,4019490106,QUEENS,1023522,208203,MOBILE,Unspecified,QUEENS,40.73805858336545,-73.85828645464701,"{'latitude': '40.73805858336545', 'longitude': '-73.85828645464701', 'human_address': '{""address"": """", ""city"": """", ""state"": """", ""zip"": """"}'}",14510,66,3,21,68,68,,58 AVENUE,59 AVENUE,CALLOWAY STREET,,,
68,60456704,2024-03-01T00:52:37.000,NYPD,New York City Police Department,Noise - Residential,Banging/Pounding,Residential Building/House,10026,188 SAINT NICHOLAS AVENUE,SAINT NICHOLAS AVENUE,WEST  119 STREET,WEST  120 STREET,ADDRESS,NEW YORK,In Progress,,2024-03-01T01:44:06.000,10 MANHATTAN,1019250050,MANHATTAN,997312,233016,PHONE,Unspecified,MANHATTAN,40.80624131824259,-73.95281733094532,"{'latitude': '40.80624131824259', 'longitude': '-73.95281733094532', 'human_address': '{""address"": """", ""city"": """", ""state"": """", ""zip"": """"}'}",12423,18,4,36,18,18,,WEST  119 STREET,WEST  120 STREET,ST NICHOLAS AVENUE,,,
69,60456126,2024-03-01T00:51:01.000,NYPD,New York City Police Department,Noise - Residential,Loud Talking,Residential Building/House,10017,246 EAST   46 STREET,EAST   46 STREET,3 AVENUE,2 AVENUE,ADDRESS,NEW YORK,Closed,The Police Department responded to the complaint and took action to fix the condition.,2024-03-01T01:14:45.000,06 MANHATTAN,1013190029,MANHATTAN,992141,213566,ONLINE,Unspecified,MANHATTAN,40.75286234566705,-73.97151890328917,"{'latitude': '40.75286234566705', 'longitude': '-73.97151890328917', 'human_address': '{""address"": """", ""city"": """", ""state"": """", ""zip"": """"}'}",12079,71,4,51,9,9,,3 AVENUE,2 AVENUE,EAST   46 STREET,2024-03-01T01:14:42.000,,
70,60455461,2024-03-01T00:50:32.000,NYPD,New York City Police Department,Illegal Parking,Posted Parking Sign Violation,Street/Sidewalk,11435,85-53 150 STREET,150 STREET,85 ROAD,85 DRIVE,ADDRESS,JAMAICA,In Progress,,,08 QUEENS,4097330054,QUEENS,1037325,198052,PHONE,Unspecified,QUEENS,40.71012455352667,-73.80855833363705,"{'latitude': '40.71012455352667', 'longitude': '-73.80855833363705', 'human_address': '{""address"": """", ""city"": """", ""state"": """", ""zip"": """"}'}",24670,25,3,24,65,65,,85 ROAD,85 DRIVE,150 STREET,,,
71,60449441,2024-03-01T00:49:19.000,TLC,Taxi and Limousine Commission,For Hire Vehicle Complaint,Driver Complaint - Non Passenger,Street,10010,135 EAST   23 STREET,EAST   23 STREET,LEXINGTON AVENUE,3 AVENUE,ADDRESS,NEW YORK,In Progress,,,06 MANHATTAN,1008790023,MANHATTAN,988510,208686,ONLINE,Unspecified,MANHATTAN,40.73947046474321,-73.98462741302495,"{'latitude': '40.73947046474321', 'longitude': '-73.98462741302495', 'human_address': '{""address"": """", ""city"": """", ""state"": """", ""zip"": """"}'}",12073,71,4,50,7,7,,LEXINGTON AVENUE,3 AVENUE,EAST   23 STREET,,"135 EAST   23 STREET, MANHATTAN (NEW YORK), NY, 10010",
72,60457215,2024-03-01T00:48:54.000,DOT,Department of Transportation,Street Condition,Pothole,,11364,211 STREET,211 STREET,64 AVENUE,HORACE HARDING EXPRESSWAY,BLOCKFACE,QUEENS,Closed,The Department of Transportation determined that this complaint is a duplicate of a previously filed complaint. The original complaint is being addressed.,2024-03-01T00:48:54.000,11 QUEENS,,QUEENS,,,UNKNOWN,Unspecified,QUEENS,,,,,,,,,,N/A,,,,2024-03-01T00:48:54.000,,
73,60454841,2024-03-01T00:48:38.000,NYPD,New York City Police Department,Noise - Commercial,Loud Music/Party,Club/Bar/Restaurant,10001,45 WEST   27 STREET,WEST   27 STREET,BROADWAY,AVENUE OF THE AMERICAS,ADDRESS,NEW YORK,Closed,The Police Department responded to the complaint and took action to fix the condition.,2024-03-01T01:06:52.000,05 MANHATTAN,1008290011,MANHATTAN,987116,210655,ONLINE,Unspecified,MANHATTAN,40.74487544050591,-73.98965694636395,"{'latitude': '40.74487544050591', 'longitude': '-73.98965694636395', 'human_address': '{""address"": """", ""city"": """", ""state"": """", ""zip"": """"}'}",12073,11,4,10,7,7,,BROADWAY,AVENUE OF THE AMERICAS,WEST   27 STREET,2024-03-01T01:06:49.000,,
74,60453607,2024-03-01T00:48:00.000,DOT,Department of Transportation,Traffic Signal Condition,Controller,,10028,,,,,INTERSECTION,MANHATTAN,Open,,,08 MANHATTAN,,MANHATTAN,996994,223026,UNKNOWN,Unspecified,MANHATTAN,40.77882193224481,-73.95398496911395,"{'latitude': '40.77882193224481', 'longitude': '-73.95398496911395', 'human_address': '{""address"": """", ""city"": """", ""state"": """", ""zip"": """"}'}",12425,23,4,1,11,11,N/A,3 AVENUE,EAST 86 STREET,,,,
75,60457290,2024-03-01T00:47:40.000,NYPD,New York City Police Department,Noise - Residential,Banging/Pounding,Residential Building/House,11207,640 STANLEY AVENUE,STANLEY AVENUE,VERMONT STREET,VAN SICLEN AVENUE,ADDRESS,BROOKLYN,Closed,The Police Department responded to the complaint and with the information available observed no evidence of the violation at that time.,2024-03-01T01:17:04.000,05 BROOKLYN,3043710001,BROOKLYN,1016195,179364,MOBILE,Unspecified,BROOKLYN,40.65893182677183,-73.88486278314905,"{'latitude': '40.65893182677183', 'longitude': '-73.88486278314905', 'human_address': '{""address"": """", ""city"": """", ""state"": """", ""zip"": """"}'}",17214,45,2,25,47,47,,VERMONT STREET,VAN SICLEN AVENUE,STANLEY AVENUE,2024-03-01T01:16:58.000,,
76,60456060,2024-03-01T00:47:02.000,NYPD,New York City Police Department,Noise - Commercial,Loud Music/Party,Club/Bar/Restaurant,10001,43 WEST   27 STREET,WEST   27 STREET,BROADWAY,AVENUE OF THE AMERICAS,ADDRESS,NEW YORK,Closed,The Police Department responded to the complaint and took action to fix the condition.,2024-03-01T01:07:05.000,05 MANHATTAN,1008290013,MANHATTAN,987128,210648,ONLINE,Unspecified,MANHATTAN,40.74485622336103,-73.98961364278482,"{'latitude': '40.74485622336103', 'longitude': '-73.98961364278482', 'human_address': '{""address"": """", ""city"": """", ""state"": """", ""zip"": """"}'}",12073,11,4,10,7,7,,BROADWAY,AVENUE OF THE AMERICAS,WEST   27 STREET,2024-03-01T01:07:00.000,,
77,60449997,2024-03-01T00:46:54.000,NYPD,New York City Police Department,Noise - Commercial,Loud Music/Party,Club/Bar/Restaurant,10019,311 WEST   57 STREET,WEST   57 STREET,8 AVENUE,9 AVENUE,ADDRESS,NEW YORK,Closed,The Police Department responded to the complaint and with the information available observed no evidence of the violation at that time.,2024-03-01T01:09:12.000,04 MANHATTAN,1010480026,MANHATTAN,988820,218712,ONLINE,Unspecified,MANHATTAN,40.76698913667887,-73.98350193653141,"{'latitude': '40.76698913667887', 'longitude': '-73.98350193653141', 'human_address': '{""address"": """", ""city"": """", ""state"": """", ""zip"": """"}'}",12081,12,4,10,10,10,,8 AVENUE,9 AVENUE,WEST   57 STREET,2024-03-01T01:09:09.000,,
78,60451324,2024-03-01T00:46:31.000,NYPD,New York City Police Department,Noise - Vehicle,Car/Truck Music,Street/Sidewalk,10027,360 WEST  127 STREET,WEST  127 STREET,ST NICHOLAS AVENUE,ST NICHOLAS TERRACE,ADDRESS,NEW YORK,Closed,The Police Department responded to the complaint and took action to fix the condition.,2024-03-01T00:54:48.000,09 MANHATTAN,1019530053,MANHATTAN,997503,235209,ONLINE,Unspecified,MANHATTAN,40.81226021018098,-73.95212306963877,"{'latitude': '40.81226021018098', 'longitude': '-73.95212306963877', 'human_address': '{""address"": """", ""city"": """", ""state"": """", ""zip"": """"}'}",12424,37,4,36,17,17,,ST NICHOLAS AVENUE,ST NICHOLAS TERRACE,WEST  127 STREET,2024-03-01T00:54:45.000,,Car
79,60452363,2024-03-01T00:46:00.000,DOT,Department of Transportation,Traffic Signal Condition,Post,,10306,,,,,INTERSECTION,STATEN ISLAND,Open,,,03 STATEN ISLAND,,STATEN ISLAND,948925,146086,UNKNOWN,Unspecified,STATEN ISLAND,40.56757784743258,-74.12714541490105,"{'latitude': '40.56757784743258', 'longitude': '-74.12714541490105', 'human_address': '{""address"": """", ""city"": """", ""state"": """", ""zip"": """"}'}",10693,15,1,14,76,76,N/A,AMBOY ROAD,AMBER STREET,,,,
80,60448701,2024-03-01T00:46:00.000,DOT,Department of Transportation,Street Light Condition,Street Light Out,,11229,32 HAZEL COURT,HAZEL COURT,DEVON AVE,EVERETT AVE,ADDRESS,BROOKLYN,Open,,,15 BROOKLYN,3088910500,BROOKLYN,1004001,154783,UNKNOWN,Unspecified,BROOKLYN,40.591497758030684,-73.92888469847918,"{'latitude': '40.591497758030684', 'longitude': '-73.92888469847918', 'human_address': '{""address"": """", ""city"": """", ""state"": """", ""zip"": """"}'}",13512,32,2,8,36,36,,,,,,,
81,60454264,2024-03-01T00:45:26.000,NYPD,New York City Police Department,Illegal Parking,Blocked Hydrant,Street/Sidewalk,11207,85 GRANITE STREET,GRANITE STREET,BUSHWICK AVENUE,DEAD END,ADDRESS,BROOKLYN,In Progress,,2024-03-01T01:36:38.000,04 BROOKLYN,3034570056,BROOKLYN,1010164,188422,PHONE,Unspecified,BROOKLYN,40.68381369829353,-73.90656506996216,"{'latitude': '40.68381369829353', 'longitude': '-73.90656506996216', 'human_address': '{""address"": """", ""city"": """", ""state"": """", ""zip"": """"}'}",17214,42,2,37,53,53,,BUSHWICK AVENUE,DEAD END,GRANITE STREET,,,
82,60453624,2024-03-01T00:45:17.000,NYPD,New York City Police Department,Noise - Commercial,Loud Music/Party,Club/Bar/Restaurant,11223,62 AVENUE U,AVENUE U,WEST   11 STREET,WEST   10 STREET,ADDRESS,BROOKLYN,Closed,The Police Department responded to the complaint and with the information available observed no evidence of the violation at that time.,2024-03-01T00:50:50.000,15 BROOKLYN,3071160001,BROOKLYN,989229,156414,PHONE,Unspecified,BROOKLYN,40.595995132779436,-73.98207144455243,"{'latitude': '40.595995132779436', 'longitude': '-73.98207144455243', 'human_address': '{""address"": """", ""city"": """", ""state"": """", ""zip"": """"}'}",18183,32,2,45,36,36,,WEST   11 STREET,WEST   10 STREET,AVENUE U,2024-03-01T00:50:47.000,,
83,60452474,2024-03-01T00:44:41.000,NYPD,New York City Police Department,Noise - Residential,Loud Music/Party,Residential Building/House,11209,7309 3 AVENUE,3 AVENUE,73 STREET,74 STREET,ADDRESS,BROOKLYN,Closed,The Police Department responded to the complaint and took action to fix the condition.,2024-03-01T01:09:00.000,10 BROOKLYN,3059180006,BROOKLYN,976679,169785,PHONE,Unspecified,BROOKLYN,40.632693928233444,-74.02727691064146,"{'latitude': '40.632693928233444', 'longitude': '-74.02727691064146', 'human_address': '{""address"": """", ""city"": """", ""state"": """", ""zip"": """"}'}",17216,10,2,44,41,41,,73 STREET,74 STREET,3 AVENUE,2024-03-01T01:08:56.000,,
84,60454366,2024-03-01T00:44:30.000,TLC,Taxi and Limousine Commission,For Hire Vehicle Complaint,Driver Complaint - Non Passenger,Street,10011,209 8 AVENUE,8 AVENUE,WEST   20 STREET,WEST   21 STREET,ADDRESS,NEW YORK,In Progress,,,04 MANHATTAN,1007440043,MANHATTAN,984364,210258,ONLINE,Unspecified,MANHATTAN,40.74378623847744,-73.99958859426553,"{'latitude': '40.74378623847744', 'longitude': '-73.99958859426553', 'human_address': '{""address"": """", ""city"": """", ""state"": """", ""zip"": """"}'}",12074,12,4,10,6,6,,WEST   20 STREET,WEST   21 STREET,8 AVENUE,,"209 8 AVENUE, MANHATTAN (NEW YORK), NY, 10011",
85,60457927,2024-03-01T00:44:08.000,NYPD,New York City Police Department,Illegal Parking,Blocked Hydrant,Street/Sidewalk,11373,85-32 54 AVENUE,54 AVENUE,HASPEL STREET,VAN HORN STREET,ADDRESS,ELMHURST,In Progress,,,04 QUEENS,4028780023,QUEENS,1017573,206633,MOBILE,Unspecified,QUEENS,40.73377374027785,-73.87976124902485,"{'latitude': '40.73377374027785', 'longitude': '-73.87976124902485', 'human_address': '{""address"": """", ""city"": """", ""state"": """", ""zip"": """"}'}",14784,66,3,5,68,68,,HASPEL STREET,VAN HORN STREET,54 AVENUE,,,
86,60451239,2024-03-01T00:44:05.000,NYPD,New York City Police Department,Noise - Residential,Banging/Pounding,Residential Building/House,10026,8 WEST  118 STREET,WEST  118 STREET,5 AVENUE,LENOX AVENUE,ADDRESS,NEW YORK,Closed,The Police Department responded to the complaint and took action to fix the condition.,2024-03-01T01:26:17.000,10 MANHATTAN,1016010027,MANHATTAN,999264,231498,PHONE,Unspecified,MANHATTAN,40.802071724836175,-73.94576969605409,"{'latitude': '40.802071724836175', 'longitude': '-73.94576969605409', 'human_address': '{""address"": """", ""city"": """", ""state"": """", ""zip"": """"}'}",12423,18,4,36,18,18,,5 AVENUE,LENOX AVENUE,WEST  118 STREET,2024-03-01T01:26:14.000,,
87,60456774,2024-03-01T00:43:50.000,TLC,Taxi and Limousine Commission,For Hire Vehicle Complaint,Driver Complaint - Non Passenger,Street,10011,118 8 AVENUE,8 AVENUE,WEST   15 STREET,WEST   16 STREET,ADDRESS,NEW YORK,In Progress,,,04 MANHATTAN,,MANHATTAN,983792,209217,ONLINE,Unspecified,MANHATTAN,40.74092894191073,-74.00165276969982,"{'latitude': '40.74092894191073', 'longitude': '-74.00165276969982', 'human_address': '{""address"": """", ""city"": """", ""state"": """", ""zip"": """"}'}",12074,12,4,10,6,6,,WEST   15 STREET,WEST   16 STREET,8 AVENUE,,"118 8 AVENUE, MANHATTAN (NEW YORK), NY, 10011",
88,60450060,2024-03-01T00:43:46.000,NYPD,New York City Police Department,Noise - Residential,Loud Talking,Residential Building/House,11225,100 LEFFERTS AVENUE,LEFFERTS AVENUE,WASHINGTON AVENUE,BEDFORD AVENUE,ADDRESS,BROOKLYN,Closed,The Police Department responded to the complaint and took action to fix the condition.,2024-03-01T01:19:00.000,09 BROOKLYN,3013270034,BROOKLYN,995845,180421,PHONE,Unspecified,BROOKLYN,40.66188309106764,-73.95820708215977,"{'latitude': '40.66188309106764', 'longitude': '-73.95820708215977', 'human_address': '{""address"": """", ""city"": """", ""state"": """", ""zip"": """"}'}",13509,17,2,11,44,44,,WASHINGTON AVENUE,BEDFORD AVENUE,LEFFERTS AVENUE,2024-03-01T01:18:56.000,,
89,60451274,2024-03-01T00:43:19.000,NYPD,New York City Police Department,Noise - Residential,Loud Music/Party,Residential Building/House,10462,2223 GLEASON AVENUE,GLEASON AVENUE,CASTLE HILL AVENUE,HAVEMEYER AVENUE,ADDRESS,BRONX,Closed,The Police Department responded to the complaint and determined that police action was not necessary.,2024-03-01T01:15:10.000,09 BRONX,2038210077,BRONX,1025732,242455,MOBILE,Unspecified,BRONX,40.832060953050245,-73.85010014779408,"{'latitude': '40.832060953050245', 'longitude': '-73.85010014779408', 'human_address': '{""address"": """", ""city"": """", ""state"": """", ""zip"": """"}'}",11271,58,5,31,26,26,,CASTLE HILL AVENUE,HAVEMEYER AVENUE,GLEASON AVENUE,2024-03-01T01:15:07.000,,
90,60451281,2024-03-01T00:43:18.000,NYPD,New York City Police Department,Noise - Residential,Loud Music/Party,Residential Building/House,10452,1403 GRAND CONCOURSE,GRAND CONCOURSE,EAST  170 STREET,EAST  171 STREET,ADDRESS,BRONX,Closed,The Police Department responded to the complaint and took action to fix the condition.,2024-03-01T00:52:03.000,04 BRONX,2028330030,BRONX,1008147,244946,ONLINE,Unspecified,BRONX,40.83896311232895,-73.91363658344284,"{'latitude': '40.83896311232895', 'longitude': '-73.91363658344284', 'human_address': '{""address"": """", ""city"": """", ""state"": """", ""zip"": """"}'}",10934,50,5,29,27,27,,EAST  170 STREET,EAST  171 STREET,GRAND CONCOURSE,2024-03-01T00:51:58.000,,
91,60451713,2024-03-01T00:43:18.000,NYPD,New York City Police Department,Abandoned Vehicle,With License Plate,Street/Sidewalk,11239,881 ERSKINE STREET,ERSKINE STREET,SCHROEDERS WALK,GATEWAY DRIVE,ADDRESS,BROOKLYN,Closed,The Police Department reviewed your complaint and provided additional information below.,2024-03-01T01:14:59.000,05 BROOKLYN,3045860204,BROOKLYN,1020866,178539,ONLINE,Unspecified,BROOKLYN,40.65664930178733,-73.86803191524112,"{'latitude': '40.65664930178733', 'longitude': '-73.86803191524112', 'human_address': '{""address"": """", ""city"": """", ""state"": """", ""zip"": """"}'}",17215,45,2,25,47,47,,SCHROEDERS WALK,GATEWAY DRIVE,ERSKINE STREET,2024-03-01T01:14:52.000,,Car
92,60455352,2024-03-01T00:42:41.000,NYPD,New York City Police Department,Blocked Driveway,Partial Access,Street/Sidewalk,11358,196-27 45 AVENUE,45 AVENUE,196 STREET,CONNECTOR ROAD TO   45 AVENUE WB,ADDRESS,FLUSHING,In Progress,,2024-03-01T01:31:41.000,11 QUEENS,4055210051,QUEENS,1043922,214850,ONLINE,Unspecified,QUEENS,40.75618876192663,-73.78461404685623,"{'latitude': '40.75618876192663', 'longitude': '-73.78461404685623', 'human_address': '{""address"": """", ""city"": """", ""state"": """", ""zip"": """"}'}",14193,26,3,20,69,69,,196 STREET,CONNECTOR ROAD TO   45 AVENUE WB,45 AVENUE,,,
93,60455985,2024-03-01T00:42:15.000,NYPD,New York City Police Department,Blocked Driveway,Partial Access,Street/Sidewalk,11239,610 SCHROEDERS AVENUE,SCHROEDERS AVENUE,ESSEX STREET,BERRIMAN STREET,ADDRESS,BROOKLYN,Closed,The Police Department reviewed your complaint and provided additional information below.,2024-03-01T01:15:29.000,05 BROOKLYN,3045860951,BROOKLYN,1020259,178329,ONLINE,Unspecified,BROOKLYN,40.65607538763192,-73.8702207279929,"{'latitude': '40.65607538763192', 'longitude': '-73.8702207279929', 'human_address': '{""address"": """", ""city"": """", ""state"": """", ""zip"": """"}'}",17215,45,2,25,47,47,,ESSEX STREET,BERRIMAN STREET,SCHROEDERS AVENUE,2024-03-01T01:15:23.000,,
94,60456074,2024-03-01T00:41:55.000,NYPD,New York City Police Department,Noise - Residential,Banging/Pounding,Residential Building/House,10027,2034 ACP BOULEVARD,ACP BOULEVARD,WEST  121 STREET,WEST  122 STREET,ADDRESS,NEW YORK,Closed,The Police Department responded to the complaint and took action to fix the condition.,2024-03-01T01:08:39.000,10 MANHATTAN,1019270033,MANHATTAN,998113,233221,MOBILE,Unspecified,MANHATTAN,40.806802766084154,-73.94992352912801,"{'latitude': '40.806802766084154', 'longitude': '-73.94992352912801', 'human_address': '{""address"": """", ""city"": """", ""state"": """", ""zip"": """"}'}",12424,18,4,36,18,18,,WEST  121 STREET,WEST  122 STREET,7 AVENUE,2024-03-01T01:08:36.000,,
95,60457278,2024-03-01T00:41:45.000,NYPD,New York City Police Department,Noise - Commercial,Loud Music/Party,Club/Bar/Restaurant,10030,217 WEST  135 STREET,WEST  135 STREET,ADAM CLAYTON POWELL JR BOULEVARD,FREDERICK DOUGLASS BOULEVARD,ADDRESS,NEW YORK,Closed,The Police Department responded to the complaint and with the information available observed no evidence of the violation at that time.,2024-03-01T00:47:11.000,10 MANHATTAN,1019410020,MANHATTAN,999572,236468,PHONE,Unspecified,MANHATTAN,40.815712466861115,-73.9446458618827,"{'latitude': '40.815712466861115', 'longitude': '-73.9446458618827', 'human_address': '{""address"": """", ""city"": """", ""state"": """", ""zip"": """"}'}",12427,18,4,36,20,20,,ADAM CLAYTON POWELL JR BOULEVARD,FREDERICK DOUGLASS BOULEVARD,WEST  135 STREET,2024-03-01T00:47:09.000,,
96,60451877,2024-03-01T00:41:25.000,NYPD,New York City Police Department,Noise - Residential,Loud Music/Party,Residential Building/House,11211,247 GRAND STREET,GRAND STREET,DRIGGS AVENUE,ROEBLING STREET,ADDRESS,BROOKLYN,In Progress,,2024-03-01T01:44:41.000,01 BROOKLYN,3023820024,BROOKLYN,995665,199229,ONLINE,Unspecified,BROOKLYN,40.713506962929216,-73.95882400645834,"{'latitude': '40.713506962929216', 'longitude': '-73.95882400645834', 'human_address': '{""address"": """", ""city"": """", ""state"": """", ""zip"": """"}'}",17613,36,2,30,56,56,,DRIGGS AVENUE,ROEBLING STREET,GRAND STREET,,,
97,60449194,2024-03-01T00:41:16.000,NYPD,New York City Police Department,Abandoned Vehicle,With License Plate,Street/Sidewalk,11239,610 SCHROEDERS AVENUE,SCHROEDERS AVENUE,ESSEX STREET,BERRIMAN STREET,ADDRESS,BROOKLYN,Closed,The Police Department reviewed your complaint and provided additional information below.,2024-03-01T01:08:15.000,05 BROOKLYN,3045860951,BROOKLYN,1020259,178329,ONLINE,Unspecified,BROOKLYN,40.65607538763192,-73.8702207279929,"{'latitude': '40.65607538763192', 'longitude': '-73.8702207279929', 'human_address': '{""address"": """", ""city"": """", ""state"": """", ""zip"": """"}'}",17215,45,2,25,47,47,,ESSEX STREET,BERRIMAN STREET,SCHROEDERS AVENUE,2024-03-01T01:08:09.000,,SUV
98,60456062,2024-03-01T00:40:59.000,NYPD,New York City Police Department,Noise - Commercial,Loud Music/Party,Club/Bar/Restaurant,10001,45 WEST   27 STREET,WEST   27 STREET,BROADWAY,AVENUE OF THE AMERICAS,ADDRESS,NEW YORK,Closed,The Police Department responded to the complaint and took action to fix the condition.,2024-03-01T01:06:42.000,05 MANHATTAN,1008290011,MANHATTAN,987116,210655,ONLINE,Unspecified,MANHATTAN,40.74487544050591,-73.98965694636395,"{'latitude': '40.74487544050591', 'longitude': '-73.98965694636395', 'human_address': '{""address"": """", ""city"": """", ""state"": """", ""zip"": """"}'}",12073,11,4,10,7,7,,BROADWAY,AVENUE OF THE AMERICAS,WEST   27 STREET,2024-03-01T01:06:36.000,,
99,60450476,2024-03-01T00:40:19.000,NYPD,New York City Police Department,Abandoned Vehicle,With License Plate,Street/Sidewalk,11239,1132 ESSEX STREET,ESSEX STREET,VANDALIA AVENUE,SCHROEDERS AVENUE,ADDRESS,BROOKLYN,Closed,The Police Department reviewed your complaint and provided additional information below.,2024-03-01T01:11:59.000,05 BROOKLYN,3044520701,BROOKLYN,1019860,178375,ONLINE,Unspecified,BROOKLYN,40.6562032609717,-73.87165851044746,"{'latitude': '40.6562032609717', 'longitude': '-73.87165851044746', 'human_address': '{""address"": """", ""city"": """", ""state"": """", ""zip"": """"}'}",17215,45,2,25,47,47,,VANDALIA AVENUE,SCHROEDERS AVENUE,ESSEX STREET,2024-03-01T01:11:55.000,,Van
